NAME,GEOID,totpop_16,totpop_17,totpop_18,totpopdens_16,totpopdens_17,totpopdens_18,Area_km2
"Census Tract 1803.01, Humacao ",72069180301,191,186,150,38,37,30,5.04799025
"Census Tract 1803.02, Humacao ",72069180302,255,229,200,24,21,19,10.79916473
"Census Tract 1804, Humacao ",72069180400,287,258,250,60,54,52,4.81980073
"Census Tract 1805, Humacao ",72069180500,190,202,200,18,19,19,10.40064265
"Census Tract 1806, Humacao ",72069180600,247,216,200,103,90,83,2.39950045
"Census Tract 1807, Humacao ",72069180700,333,296,250,130,115,97,2.57075615
"Census Tract 1808, Humacao ",72069180800,220,194,150,17,15,12,12.87747632
"Census Tract 1809.01, Humacao ",72069180901,163,153,150,14,13,13,11.97353598
"Census Tract 1809.02, Humacao ",72069180902,244,219,250,19,17,19,12.83919534
"Census Tract 4101, Isabela ",72071410100,247,243,250,12,12,12,20.80422132
"Census Tract 4102, Isabela ",72071410200,191,180,150,85,80,67,2.25462854
"Census Tract 4103, Isabela ",72071410300,165,165,150,61,61,55,2.72113711
"Census Tract 4104.01, Isabela ",72071410401,255,236,250,25,23,24,10.23768837
"Census Tract 4104.02, Isabela ",72071410402,312,297,300,21,20,20,14.78492645
"Census Tract 4105, Isabela ",72071410500,281,261,250,41,38,37,6.84018486
"Census Tract 4106, Isabela ",72071410600,162,151,150,3,3,3,48.34132211
"Census Tract 4107.01, Isabela ",72071410701,212,191,150,44,40,31,4.76610382
"Census Tract 4107.02, Isabela ",72071410702,298,265,250,9,8,8,33.10742405
"Census Tract 9560, Jayuya ",72073956000,219,192,200,4,4,4,51.17311624
"Census Tract 9561, Jayuya ",72073956100,260,245,250,177,166,170,1.47308292
"Census Tract 9562, Jayuya ",72073956200,294,267,300,5,4,5,62.69744687
"Census Tract 7101.02, Juana Diaz ",72075710102,346,343,300,8,8,7,44.79243455
"Census Tract 7102, Juana Diaz ",72075710200,377,316,300,24,20,19,15.70964101
"Census Tract 7103.01, Juana Diaz ",72075710301,273,256,250,43,40,39,6.35705158
"Census Tract 7103.02, Juana Diaz ",72075710302,297,273,300,26,24,27,11.29230448
"Census Tract 7104, Juana Diaz ",72075710400,265,239,200,262,236,198,1.01242513
"Census Tract 7105, Juana Diaz ",72075710500,154,135,150,281,246,274,0.54833475
"Census Tract 7106, Juana Diaz ",72075710600,251,228,200,152,138,121,1.64707829
"Census Tract 7107, Juana Diaz ",72075710700,216,211,200,8,8,8,26.43893239
"Census Tract 7108, Juana Diaz ",72075710800,267,236,250,19,16,17,14.34798689
"Census Tract 7109.01, Juana Diaz ",72075710901,364,303,300,55,46,45,6.63809666
"Census Tract 7109.02, Juana Diaz ",72075710902,374,331,350,19,17,18,19.85449392
"Census Tract 7110.02, Juana Diaz ",72075711002,280,257,250,34,31,31,8.16534188
"Census Tract 5001, Juncos ",72077500100,304,271,250,13,12,11,23.21683402
"Census Tract 5002, Juncos ",72077500200,196,175,200,37,33,38,5.30830017
"Census Tract 5003.01, Juncos ",72077500301,301,265,250,25,22,20,12.26054365
"Census Tract 5003.02, Juncos ",72077500302,229,198,200,23,20,20,9.75672147
"Census Tract 5004.01, Juncos ",72077500401,362,318,300,60,52,49,6.07171179
"Census Tract 5004.02, Juncos ",72077500402,281,253,250,23,21,20,12.31899005
"Census Tract 8501.01, Lajas ",72079850101,241,217,200,4,4,3,59.61310376
"Census Tract 8501.02, Lajas ",72079850102,257,230,250,11,10,11,23.45303107
"Census Tract 8502, Lajas ",72079850200,337,310,300,76,70,68,4.44015546
"Census Tract 8503, Lajas ",72079850300,248,239,250,20,19,20,12.52696495
"Census Tract 8504, Lajas ",72079850400,190,166,150,3,3,3,59.17446586
"Census Tract 9577, Lares ",72081957700,286,271,250,11,11,10,25.32610193
"Census Tract 9578, Lares ",72081957800,270,242,250,11,9,10,25.52805834
"Census Tract 9579, Lares ",72081957900,328,291,300,22,20,20,14.78219134
"Census Tract 9580, Lares ",72081958000,193,184,150,92,88,72,2.09610601
"Census Tract 9581, Lares ",72081958100,249,235,200,143,135,115,1.74324230
"Census Tract 9582, Lares ",72081958200,220,207,200,12,11,11,18.86116830
"Census Tract 9583, Lares ",72081958300,153,140,150,4,3,4,41.44218812
"Census Tract 9584, Lares ",72081958400,193,181,200,6,6,7,29.86152010
"Census Tract 9597, Las Marias ",72083959700,319,309,250,6,5,4,56.79095593
"Census Tract 9598, Las Marias ",72083959800,158,132,150,17,15,17,9.08965233
"Census Tract 9599, Las Marias ",72083959900,213,186,200,4,3,4,54.56743549
"Census Tract 1901.01, Las Piedras ",72085190101,296,276,300,9,8,9,34.44583369
"Census Tract 1901.02, Las Piedras ",72085190102,316,269,250,27,23,21,11.85460453
"Census Tract 1902.01, Las Piedras ",72085190201,282,237,250,89,75,79,3.17748615
"Census Tract 1902.02, Las Piedras ",72085190202,243,232,250,98,94,101,2.47386627
"Census Tract 1903.01, Las Piedras ",72085190301,300,272,250,18,16,15,16.61642588
"Census Tract 1903.02, Las Piedras ",72085190302,330,288,300,17,15,16,19.21265326
"Census Tract 1101.01, Loiza ",72087110101,174,167,150,237,228,205,0.73269043
"Census Tract 1101.02, Loiza ",72087110102,226,192,200,89,76,79,2.52995258
"Census Tract 1102, Loiza ",72087110200,182,181,150,159,158,131,1.14437568
"Census Tract 1103.01, Loiza ",72087110301,277,237,250,131,112,118,2.12190543
"Census Tract 1103.02, Loiza ",72087110302,245,232,250,21,20,21,11.64211063
"Census Tract 1103.03, Loiza ",72087110303,334,312,300,91,85,82,3.65630561
"Census Tract 1103.04, Loiza ",72087110304,290,259,250,377,337,325,0.76943988
"Census Tract 1104, Loiza ",72087110400,213,198,200,418,389,393,0.50941855
"Census Tract 1105, Loiza ",72087110500,115,113,100,116,114,101,0.99011634
"Census Tract 1106, Loiza ",72087110600,252,235,200,8,8,7,30.49400099
"Census Tract 1401.01, Luquillo ",72089140101,233,220,250,14,13,15,16.39929889
"Census Tract 1401.02, Luquillo ",72089140102,230,206,200,8,7,7,27.98704507
"Census Tract 1402.01, Luquillo ",72089140201,135,125,150,52,49,58,2.57658028
"Census Tract 1402.02, Luquillo ",72089140202,335,293,300,164,144,147,2.03962488
"Census Tract 1403, Luquillo ",72089140300,359,337,300,19,17,16,19.26709159
"Census Tract 9900.01, Luquillo ",72089990001,0,0,0,0,0,0,0.13150825
"Census Tract 5701, Manati ",72091570100,291,267,250,16,14,13,18.73510153
"Census Tract 5702.01, Manati ",72091570201,382,352,350,64,59,59,5.92422472
"Census Tract 5702.02, Manati ",72091570202,220,217,250,10,10,11,21.94210197
"Census Tract 5703, Manati ",72091570300,281,236,250,312,262,278,0.90035068
"Census Tract 5704, Manati ",72091570400,260,236,250,252,228,242,1.03379335
"Census Tract 5705, Manati ",72091570500,364,346,350,87,82,83,4.20496252
"Census Tract 5706, Manati ",72091570600,246,229,200,201,187,164,1.22141777
"Census Tract 5707, Manati ",72091570700,296,285,300,8,8,9,35.18379989
"Census Tract 5708, Manati ",72091570800,285,255,250,9,8,8,30.72535317
"Census Tract 9601, Maricao ",72093960100,272,264,250,3,3,3,84.48440441
"Census Tract 9602, Maricao ",72093960200,217,199,200,21,19,19,10.37986980
"Census Tract 9514, Maunabo ",72095951400,287,267,250,10,9,9,28.20025383
"Census Tract 9515, Maunabo ",72095951500,168,154,150,7,6,6,24.88487160
"Census Tract 9516, Maunabo ",72095951600,205,183,200,118,105,115,1.74351439
"Census Tract 801, Mayaguez ",72097080100,112,102,100,136,124,121,0.82514013
"Census Tract 802, Mayaguez ",72097080200,158,148,150,162,152,154,0.97562039
"Census Tract 803, Mayaguez ",72097080300,253,234,250,593,549,586,0.42655109
"Census Tract 804, Mayaguez ",72097080400,129,120,150,260,242,302,0.49648543
"Census Tract 805, Mayaguez ",72097080500,132,132,150,612,612,696,0.21553351
"Census Tract 806, Mayaguez ",72097080600,131,130,100,232,230,177,0.56526982
"Census Tract 808, Mayaguez ",72097080800,233,201,200,177,152,152,1.31904445
"Census Tract 809, Mayaguez ",72097080900,126,118,100,606,568,481,0.20782156
"Census Tract 810, Mayaguez ",72097081000,132,119,100,558,503,423,0.23665231
"Census Tract 811, Mayaguez ",72097081100,104,108,100,452,469,435,0.23013657
"Census Tract 812, Mayaguez ",72097081200,202,196,200,178,173,177,1.13235585
"Census Tract 813, Mayaguez ",72097081300,175,159,150,150,136,129,1.16610095
"Census Tract 815.01, Mayaguez ",72097081501,307,305,300,70,69,68,4.40434115
"Census Tract 815.12, Mayaguez ",72097081512,234,235,250,3,4,4,66.90354477
"Census Tract 815.22, Mayaguez ",72097081522,280,259,250,26,24,24,10.59515594
"Census Tract 816.01, Mayaguez ",72097081601,323,284,300,16,14,15,19.74589589
"Census Tract 816.02, Mayaguez ",72097081602,238,215,200,16,14,13,15.28936764
"Census Tract 817, Mayaguez ",72097081700,237,193,200,48,39,40,4.93898838
"Census Tract 818, Mayaguez ",72097081800,245,234,250,15,14,15,16.75875887
"Census Tract 819, Mayaguez ",72097081900,207,174,150,7,6,5,29.33908379
"Census Tract 820.01, Mayaguez ",72097082001,237,227,250,29,28,31,8.07525375
"Census Tract 820.12, Mayaguez ",72097082012,193,185,150,31,30,24,6.17579670
"Census Tract 820.22, Mayaguez ",72097082022,250,226,200,41,37,33,6.11751972
"Census Tract 821.02, Mayaguez ",72097082102,253,232,200,120,110,95,2.10866206
"Census Tract 821.03, Mayaguez ",72097082103,305,279,250,171,156,140,1.78713757
"Census Tract 821.04, Mayaguez ",72097082104,198,185,150,377,352,286,0.52508611
"Census Tract 9900, Mayaguez ",72097990000,0,0,0,0,0,0,0.00023374
"Census Tract 4201, Moca ",72099420100,281,267,300,7,7,8,38.30685191
"Census Tract 4202, Moca ",72099420200,277,272,250,36,35,32,7.75187880
"Census Tract 4203.01, Moca ",72099420301,202,199,200,14,14,14,14.52238973
"Census Tract 4203.02, Moca ",72099420302,256,243,250,41,38,40,6.31231813
"Census Tract 4204.01, Moca ",72099420401,239,248,250,39,41,41,6.08884551
"Census Tract 4204.02, Moca ",72099420402,322,258,250,14,11,11,23.45148623
"Census Tract 4205, Moca ",72099420500,236,217,250,7,6,7,34.00626033
"Census Tract 9552.01, Morovis ",72101955201,299,291,300,38,37,38,7.82920003
"Census Tract 5606, Vega Baja ",72145560600,201,171,200,17,15,17,11.65921228
"Census Tract 5607.01, Vega Baja ",72145560701,241,228,200,77,72,64,3.14808444
"Census Tract 5607.02, Vega Baja ",72145560702,212,184,200,19,16,18,11.20722317
"Census Tract 5608.01, Vega Baja ",72145560801,156,124,150,38,31,37,4.05435103
"Census Tract 5608.02, Vega Baja ",72145560802,238,187,200,25,19,21,9.69868102
"Census Tract 5609, Vega Baja ",72145560900,315,295,300,10,9,9,32.44498884
"Census Tract 9505, Vieques ",72147950500,141,109,100,2,2,1,71.19742461
"Census Tract 9506, Vieques ",72147950600,174,171,200,2,2,3,71.99359989
"Census Tract 7201, Villalba ",72149720100,322,301,300,6,6,6,50.41648001
"Census Tract 7203, Villalba ",72149720300,393,368,300,32,30,25,12.14396273
"Census Tract 7204, Villalba ",72149720400,249,236,200,298,283,239,0.83534480
"Census Tract 7205.02, Villalba ",72149720502,252,214,200,27,23,21,9.47533944
"Census Tract 7205.03, Villalba ",72149720503,302,305,300,27,27,27,11.30944894
"Census Tract 7205.04, Villalba ",72149720504,270,246,250,23,21,21,11.74063541
"Census Tract 9506, Yabucoa ",72151950600,230,197,200,9,7,8,26.37832216
"Census Tract 9507, Yabucoa ",72151950700,156,142,150,4,3,4,41.63192565
"Census Tract 9508, Yabucoa ",72151950800,251,218,200,28,24,22,9.05576218
"Census Tract 9509, Yabucoa ",72151950900,327,297,300,13,12,12,25.33939594
"Census Tract 9510, Yabucoa ",72151951000,204,191,150,190,177,139,1.07609717
"Census Tract 9511, Yabucoa ",72151951100,246,231,250,188,177,192,1.30511271
"Census Tract 9512, Yabucoa ",72151951200,243,211,200,20,17,16,12.43645572
"Census Tract 9513, Yabucoa ",72151951300,309,286,250,12,11,9,26.55134988
"Census Tract 7501.01, Yauco ",72153750101,150,138,150,3,3,3,52.09359507
"Census Tract 7501.02, Yauco ",72153750102,183,165,150,8,7,6,23.58355914
"Census Tract 7502.01, Yauco ",72153750201,193,164,150,4,3,3,50.96664587
"Census Tract 7502.02, Yauco ",72153750202,217,196,200,19,17,18,11.23055873
"Census Tract 7503, Yauco ",72153750300,253,233,200,128,118,101,1.97406909
"Census Tract 7504, Yauco ",72153750400,188,175,150,73,68,58,2.57327958
"Census Tract 7505.01, Yauco ",72153750501,375,339,350,209,189,195,1.79574563
"Census Tract 7505.02, Yauco ",72153750502,208,214,250,301,310,362,0.68992873
"Census Tract 7505.03, Yauco ",72153750503,213,187,200,64,56,60,3.32482947
"Census Tract 7506.01, Yauco ",72153750601,256,218,200,23,20,18,10.99156121
"Census Tract 7506.02, Yauco ",72153750602,159,155,150,9,9,9,17.54489747
"Census Tract 9552.02, Morovis ",72101955202,325,309,300,21,20,19,15.64056361
"Census Tract 9553, Morovis ",72101955300,303,282,300,14,13,14,21.17606735
"Census Tract 9554.01, Morovis ",72101955401,236,240,250,5,5,5,45.60301308
"Census Tract 9554.02, Morovis ",72101955402,201,209,200,23,24,23,8.88448866
"Census Tract 9555, Morovis ",72101955500,254,247,200,151,147,119,1.68239320
"Census Tract 1701, Naguabo ",72103170100,226,193,200,6,6,6,35.05577974
"Census Tract 1702, Naguabo ",72103170200,259,223,250,5,4,5,55.31747233
"Census Tract 1703, Naguabo ",72103170300,185,191,200,6,6,7,29.86145641
"Census Tract 1704, Naguabo ",72103170400,257,230,250,17,15,17,14.97976362
"Census Tract 5201, Naranjito ",72105520100,342,299,250,30,27,22,11.23129148
"Census Tract 5202, Naranjito ",72105520200,318,281,250,26,23,20,12.25230797
"Census Tract 5203, Naranjito ",72105520300,249,235,200,108,102,87,2.30365143
"Census Tract 5204, Naranjito ",72105520400,312,278,250,14,12,11,22.26586758
"Census Tract 5205, Naranjito ",72105520500,305,265,250,13,11,10,23.81440521
"Census Tract 9548.01, Orocovis ",72107954801,243,219,200,10,9,9,23.32326554
"Census Tract 9548.02, Orocovis ",72107954802,165,152,150,13,12,11,13.11787579
"Census Tract 9549.01, Orocovis ",72107954901,222,193,200,3,3,3,65.06841633
"Census Tract 9549.02, Orocovis ",72107954902,210,196,200,9,8,8,24.19246692
"Census Tract 9550.01, Orocovis ",72107955001,327,303,300,15,14,14,21.41068590
"Census Tract 9550.02, Orocovis ",72107955002,200,177,200,16,14,16,12.57041311
"Census Tract 9551, Orocovis ",72107955100,209,195,200,38,35,36,5.50813510
"Census Tract 2901, Patillas ",72109290100,205,194,200,3,3,3,64.14908444
"Census Tract 2902, Patillas ",72109290200,217,193,150,13,12,9,16.73834018
"Census Tract 2903, Patillas ",72109290300,301,288,300,27,26,27,10.96340955
"Census Tract 2904, Patillas ",72109290400,222,197,200,7,7,7,30.02089280
"Census Tract 7301, Pe?uelas ",72111730100,385,314,300,12,10,9,32.02135373
"Census Tract 7302, Pe?uelas ",72111730200,266,242,250,14,12,13,19.66748273
"Census Tract 7303, Pe?uelas ",72111730300,313,258,250,17,14,14,18.40539955
"Census Tract 7304, Pe?uelas ",72111730400,267,241,250,215,194,201,1.24380670
"Census Tract 7307, Pe?uelas ",72111730700,285,279,250,14,13,12,21.09112514
"Census Tract 7308, Pe?uelas ",72111730800,200,191,200,8,8,8,23.71320095
"Census Tract 9900, Pe?uelas ",72111990000,0,0,0,0,0,0,0.00784810
"Census Tract 701, Ponce ",72113070100,332,332,300,64,64,58,5.18422780
"Census Tract 702.01, Ponce ",72113070201,222,187,200,172,145,155,1.28867332
"Census Tract 702.02, Ponce ",72113070202,162,129,100,85,67,52,1.91172242
"Census Tract 703, Ponce ",72113070300,204,190,200,349,325,342,0.58481935
"Census Tract 704, Ponce ",72113070400,166,171,150,515,531,465,0.32226389
"Census Tract 705.02, Ponce ",72113070502,276,253,250,143,131,130,1.92738088
"Census Tract 705.03, Ponce ",72113070503,310,285,300,252,231,244,1.23198797
"Census Tract 705.13, Ponce ",72113070513,211,190,200,176,159,167,1.19686975
"Census Tract 705.14, Ponce ",72113070514,214,202,200,356,336,332,0.60177720
"Census Tract 705.22, Ponce ",72113070522,251,227,250,282,255,280,0.89161400
"Census Tract 708, Ponce ",72113070800,177,150,150,477,404,404,0.37142549
"Census Tract 709, Ponce ",72113070900,153,129,100,218,184,143,0.70091789
"Census Tract 710, Ponce ",72113071000,186,176,150,700,663,565,0.26562672
"Census Tract 712, Ponce ",72113071200,183,172,150,160,150,131,1.14658885
"Census Tract 713, Ponce ",72113071300,262,239,250,498,454,475,0.52600728
"Census Tract 714.01, Ponce ",72113071401,292,277,300,448,425,461,0.65107210
"Census Tract 714.02, Ponce ",72113071402,330,284,300,243,209,221,1.35761387
"Census Tract 715, Ponce ",72113071500,296,259,250,269,236,228,1.09879875
"Census Tract 716.01, Ponce ",72113071601,202,175,150,156,135,116,1.29588592
"Census Tract 716.02, Ponce ",72113071602,247,217,200,202,177,163,1.22546567
"Census Tract 717, Ponce ",72113071700,164,148,150,154,139,141,1.06757759
"Census Tract 718, Ponce ",72113071800,139,132,150,281,267,304,0.49404229
"Census Tract 719, Ponce ",72113071900,336,310,300,227,209,202,1.48295202
"Census Tract 720, Ponce ",72113072000,267,261,250,213,208,199,1.25482741
"Census Tract 721.01, Ponce ",72113072101,209,187,200,61,54,58,3.45324678
"Census Tract 721.02, Ponce ",72113072102,204,191,200,50,47,49,4.08538398
"Census Tract 722.01, Ponce ",72113072201,275,278,300,55,56,60,4.97660678
"Census Tract 722.02, Ponce ",72113072202,361,349,300,62,60,52,5.82272973
"Census Tract 723, Ponce ",72113072300,152,142,150,5,5,5,30.01622732
"Census Tract 724, Ponce ",72113072400,241,222,200,21,19,18,11.41576634
"Census Tract 725, Ponce ",72113072500,274,247,250,13,12,12,21.18373762
"Census Tract 726, Ponce ",72113072600,227,186,200,3,2,2,85.69003901
"Census Tract 727.01, Ponce ",72113072701,298,294,250,164,162,137,1.81923707
"Census Tract 727.03, Ponce ",72113072703,344,327,300,21,20,19,16.06802159
"Census Tract 727.04, Ponce ",72113072704,239,210,200,19,16,16,12.79541910
"Census Tract 729, Ponce ",72113072900,299,262,250,14,12,11,21.99180310
"Census Tract 730.01, Ponce ",72113073001,227,193,200,12,10,11,18.86671637
"Census Tract 730.02, Ponce ",72113073002,319,296,300,26,24,25,12.19305288
"Census Tract 730.03, Ponce ",72113073003,229,224,250,40,39,43,5.76614864
"Census Tract 730.04, Ponce ",72113073004,270,250,250,60,56,56,4.49208320
"Census Tract 730.05, Ponce ",72113073005,267,226,250,209,177,195,1.27884905
"Census Tract 730.06, Ponce ",72113073006,240,207,200,164,142,137,1.46044933
"Census Tract 730.08, Ponce ",72113073008,597,503,500,123,104,103,4.83715174
"Census Tract 730.09, Ponce ",72113073009,310,298,300,124,119,120,2.50461865
"Census Tract 730.10, Ponce ",72113073010,277,239,250,68,59,61,4.07921357
"Census Tract 3301, Quebradillas ",72115330100,278,261,250,22,21,20,12.54950511
"Census Tract 3302, Quebradillas ",72115330200,237,201,200,40,34,34,5.91606541
"Census Tract 3303, Quebradillas ",72115330300,366,317,300,27,23,22,13.56100062
"Census Tract 3304, Quebradillas ",72115330400,221,197,200,8,7,7,28.01560968
"Census Tract 9594, Rincon ",72117959400,347,290,300,20,17,17,17.38984243
"Census Tract 9595, Rincon ",72117959500,204,166,150,47,39,35,4.30267888
"Census Tract 9596, Rincon ",72117959600,279,250,250,18,16,16,15.48540329
"Census Tract 1301.01, Rio Grande ",72119130101,206,194,200,30,29,29,6.80308509
"Census Tract 1301.02, Rio Grande ",72119130102,329,316,300,19,19,18,17.06416815
"Census Tract 1302, Rio Grande ",72119130200,251,247,250,39,39,39,6.40420832
"Census Tract 1303, Rio Grande ",72119130300,271,255,250,31,29,29,8.72011890
"Census Tract 1304.01, Rio Grande ",72119130401,204,193,200,53,50,52,3.87803967
"Census Tract 1304.02, Rio Grande ",72119130402,350,305,300,67,58,57,5.21955173
"Census Tract 1305, Rio Grande ",72119130500,259,233,250,214,193,207,1.20981892
"Census Tract 1306.01, Rio Grande ",72119130601,217,211,200,30,30,28,7.13396343
"Census Tract 1306.02, Rio Grande ",72119130602,429,357,350,8,7,7,52.04790848
"Census Tract 1307.01, Rio Grande ",72119130701,289,254,250,7,7,6,38.98599701
"Census Tract 1307.02, Rio Grande ",72119130702,337,305,300,31,28,27,10.91931241
"Census Tract 9927, Rio Grande ",72119992700,0,0,0,0,0,0,0.01389776
"Census Tract 9603, Sabana Grande ",72121960300,193,193,200,3,3,4,55.75933241
"Census Tract 9604, Sabana Grande ",72121960400,260,258,250,179,177,172,1.45615094
"Census Tract 9605, Sabana Grande ",72121960500,156,144,150,263,243,253,0.59339809
"Census Tract 9606, Sabana Grande ",72121960600,289,258,250,148,132,128,1.95252733
"Census Tract 9607, Sabana Grande ",72121960700,332,310,300,17,16,15,19.58849331
"Census Tract 9608, Sabana Grande ",72121960800,221,204,200,15,14,14,14.72567724
"Census Tract 9526, Salinas ",72123952600,200,184,150,5,5,4,36.83380411
"Census Tract 9527, Salinas ",72123952700,227,209,200,3,3,3,69.75492465
"Census Tract 9528, Salinas ",72123952800,264,235,200,13,11,10,20.54110615
"Census Tract 9529, Salinas ",72123952900,367,306,350,12,10,11,31.22690355
"Census Tract 9530, Salinas ",72123953000,172,169,150,199,196,174,0.86344249
"Census Tract 9531, Salinas ",72123953100,255,238,250,292,272,286,0.87421133
"Census Tract 9532, Salinas ",72123953200,270,255,250,9,8,8,31.54602279
"Census Tract 8401, San German ",72125840100,260,236,250,6,5,5,46.55759466
"Census Tract 8402, San German ",72125840200,266,232,250,8,7,7,34.76514250
"Census Tract 8403, San German ",72125840300,303,279,250,17,16,14,17.62677841
"Census Tract 8404, San German ",72125840400,241,218,200,35,32,29,6.81747151
"Census Tract 8405, San German ",72125840500,411,376,400,78,71,76,5.28043055
"Census Tract 8406, San German ",72125840600,280,250,250,11,10,10,25.71308883
"Census Tract 8407, San German ",72125840700,292,275,250,66,62,57,4.41389905
"Census Tract 4, San Juan ",72127000400,155,159,150,1096,1124,1061,0.14141953
"Census Tract 5.06, San Juan ",72127000506,122,131,150,241,259,296,0.50669301
"Census Tract 6, San Juan ",72127000600,202,184,150,114,104,85,1.76431640
"Census Tract 7, San Juan ",72127000700,270,262,250,245,238,227,1.10241964
"Census Tract 9, San Juan ",72127000900,190,178,200,193,180,203,0.98663629
"Census Tract 10, San Juan ",72127001000,207,197,200,312,297,302,0.66257054
"Census Tract 11, San Juan ",72127001100,176,166,150,501,473,427,0.35106891
"Census Tract 12, San Juan ",72127001200,139,121,100,190,165,136,0.73301507
"Census Tract 13.01, San Juan ",72127001301,200,213,200,1023,1089,1023,0.19557292
"Census Tract 13.02, San Juan ",72127001302,315,294,300,1163,1086,1108,0.27076438
"Census Tract 14, San Juan ",72127001400,131,118,100,836,753,638,0.15678665
"Census Tract 9563, Adjuntas ",72001956300,283,263,250,6,6,6,44.92520365
"Census Tract 9564, Adjuntas ",72001956400,182,159,150,5,4,4,37.78269170
"Census Tract 9565, Adjuntas ",72001956500,189,168,150,4,4,3,44.96889063
"Census Tract 9566, Adjuntas ",72001956600,256,228,200,129,115,101,1.98109857
"Census Tract 9567, Adjuntas ",72001956700,248,211,200,180,153,145,1.38004353
"Census Tract 9568, Adjuntas ",72001956800,298,259,250,7,6,6,42.73958656
"Census Tract 4301, Aguada ",72003430100,275,252,250,19,18,17,14.30305913
"Census Tract 4302, Aguada ",72003430200,236,205,200,38,33,32,6.23179968
"Census Tract 4303, Aguada ",72003430300,152,148,150,82,79,80,1.86428602
"Census Tract 4304.01, Aguada ",72003430401,313,275,250,49,43,39,6.33392953
"Census Tract 4304.02, Aguada ",72003430402,274,254,250,23,21,21,11.90804162
"Census Tract 4305.01, Aguada ",72003430501,197,181,200,18,16,18,11.03122749
"Census Tract 4305.02, Aguada ",72003430502,315,281,300,30,27,28,10.55271208
"Census Tract 4306.01, Aguada ",72003430601,227,232,250,23,23,25,10.02409885
"Census Tract 4306.02, Aguada ",72003430602,211,199,200,25,24,24,8.40441178
"Census Tract 4001, Aguadilla ",72005400100,179,167,150,23,21,19,7.91583903
"Census Tract 4003, Aguadilla ",72005400300,269,277,250,26,27,24,10.27642477
"Census Tract 4004, Aguadilla ",72005400400,282,234,250,42,35,37,6.67003322
"Census Tract 4005.01, Aguadilla ",72005400501,282,272,250,75,72,66,3.76433920
"Census Tract 4005.02, Aguadilla ",72005400502,259,236,250,52,47,50,5.01417864
"Census Tract 4006, Aguadilla ",72005400600,208,206,200,186,184,179,1.11666485
"Census Tract 4007, Aguadilla ",72005400700,192,191,200,92,92,96,2.07620587
"Census Tract 4008, Aguadilla ",72005400800,153,132,150,353,305,346,0.43293516
"Census Tract 4009, Aguadilla ",72005400900,157,154,150,140,137,134,1.12148828
"Census Tract 15, San Juan ",72127001500,156,155,150,589,586,567,0.26463995
"Census Tract 16, San Juan ",72127001600,163,143,150,474,415,436,0.34424320
"Census Tract 18, San Juan ",72127001800,138,143,150,316,327,343,0.43701769
"Census Tract 19, San Juan ",72127001900,274,253,250,548,506,500,0.49985819
"Census Tract 20.02, San Juan ",72127002002,142,130,100,1036,949,730,0.13703877
"Census Tract 21, San Juan ",72127002100,97,77,80,197,156,163,0.49226660
"Census Tract 22, San Juan ",72127002200,162,146,150,681,614,630,0.23795923
"Census Tract 23, San Juan ",72127002300,123,81,80,368,243,240,0.33396375
"Census Tract 24, San Juan ",72127002400,293,281,250,653,626,557,0.44856312
"Census Tract 25, San Juan ",72127002500,165,155,150,780,732,709,0.21161924
"Census Tract 26, San Juan ",72127002600,138,139,100,519,523,376,0.26571434
"Census Tract 28, San Juan ",72127002800,151,145,100,497,478,329,0.30366242
"Census Tract 29, San Juan ",72127002900,161,159,150,551,544,513,0.29230348
"Census Tract 30, San Juan ",72127003000,170,160,150,1066,1003,941,0.15946026
"Census Tract 31, San Juan ",72127003100,161,151,100,771,723,479,0.20894357
"Census Tract 32, San Juan ",72127003200,211,205,200,910,884,862,0.23198224
"Census Tract 33, San Juan ",72127003300,156,150,150,642,618,618,0.24287400
"Census Tract 34, San Juan ",72127003400,219,197,200,402,362,367,0.54474144
"Census Tract 35.01, San Juan ",72127003501,297,267,250,292,263,246,1.01629743
"Census Tract 35.02, San Juan ",72127003502,150,134,100,557,497,371,0.26947631
"Census Tract 36, San Juan ",72127003600,108,106,100,594,583,550,0.18194842
"Census Tract 37, San Juan ",72127003700,284,267,200,623,586,439,0.45599036
"Census Tract 38, San Juan ",72127003800,162,141,150,744,647,689,0.21779455
"Census Tract 39.02, San Juan ",72127003902,242,234,250,192,186,198,1.25952717
"Census Tract 42, San Juan ",72127004200,246,222,200,48,43,39,5.17142481
"Census Tract 43.06, San Juan ",72127004306,159,153,150,815,784,769,0.19509308
"Census Tract 44, San Juan ",72127004400,185,169,150,535,489,434,0.34568465
"Census Tract 45, San Juan ",72127004500,222,183,200,940,775,847,0.23611729
"Census Tract 46, San Juan ",72127004600,287,251,250,601,526,524,0.47729699
"Census Tract 47, San Juan ",72127004700,191,180,200,122,115,127,1.57063946
"Census Tract 48, San Juan ",72127004800,190,169,150,998,888,788,0.19036724
"Census Tract 49, San Juan ",72127004900,198,166,150,207,173,157,0.95801322
"Census Tract 50, San Juan ",72127005000,339,285,300,251,211,222,1.34984994
"Census Tract 51.01, San Juan ",72127005101,245,235,250,437,419,446,0.56031985
"Census Tract 51.02, San Juan ",72127005102,258,235,250,416,379,403,0.62037141
"Census Tract 51.03, San Juan ",72127005103,228,203,200,322,287,282,0.70797425
"Census Tract 52.01, San Juan ",72127005201,212,170,150,437,351,309,0.48475490
"Census Tract 52.02, San Juan ",72127005202,205,189,150,372,343,272,0.55096325
"Census Tract 52.04, San Juan ",72127005204,227,215,200,333,315,293,0.68252412
"Census Tract 52.14, San Juan ",72127005214,274,241,250,417,367,381,0.65631601
"Census Tract 52.15, San Juan ",72127005215,159,140,150,128,113,121,1.23882647
"Census Tract 53, San Juan ",72127005300,206,182,150,386,341,281,0.53321615
"Census Tract 54.01, San Juan ",72127005401,377,372,350,164,162,152,2.30031291
"Census Tract 54.02, San Juan ",72127005402,173,152,150,1111,976,963,0.15568456
"Census Tract 54.03, San Juan ",72127005403,257,224,200,136,118,106,1.89169040
"Census Tract 4010, Aguadilla ",72005401000,166,161,150,292,284,264,0.56758240
"Census Tract 4011, Aguadilla ",72005401100,156,147,150,151,142,145,1.03629778
"Census Tract 4012, Aguadilla ",72005401200,244,208,200,14,12,12,17.06671427
"Census Tract 4013.01, Aguadilla ",72005401301,330,295,300,145,130,132,2.26868791
"Census Tract 4013.02, Aguadilla ",72005401302,243,231,200,13,13,11,18.17406111
"Census Tract 4014.01, Aguadilla ",72005401401,622,610,600,91,89,88,6.84151455
"Census Tract 4014.02, Aguadilla ",72005401402,284,291,300,27,27,28,10.63392776
"Census Tract 2301, Aguas Buenas ",72007230100,209,190,200,16,14,15,13.14577305
"Census Tract 2302, Aguas Buenas ",72007230200,235,222,200,18,17,15,13.18407225
"Census Tract 2303, Aguas Buenas ",72007230300,170,154,150,98,89,86,1.73970726
"Census Tract 2304, Aguas Buenas ",72007230400,298,260,250,11,10,10,26.31578058
"Census Tract 2305.01, Aguas Buenas ",72007230501,239,207,200,28,24,23,8.62671821
"Census Tract 2305.02, Aguas Buenas ",72007230502,255,235,250,17,16,17,14.93582601
"Census Tract 2501, Aibonito ",72009250100,208,181,200,9,8,8,23.61439476
"Census Tract 2502, Aibonito ",72009250200,324,269,250,19,16,14,17.33732634
"Census Tract 2503, Aibonito ",72009250300,225,208,200,98,90,87,2.30305472
"Census Tract 2504, Aibonito ",72009250400,175,175,200,60,60,69,2.89755768
"Census Tract 2505, Aibonito ",72009250500,330,309,300,58,54,53,5.68732508
"Census Tract 2506, Aibonito ",72009250600,255,221,200,9,8,7,29.32671926
"Census Tract 8101, A?asco ",72011810100,247,236,200,6,5,4,44.73473939
"Census Tract 8102, A?asco ",72011810200,291,266,200,14,13,10,20.62969320
"Census Tract 8103, A?asco ",72011810300,271,254,250,347,325,320,0.78185795
"Census Tract 8104, A?asco ",72011810400,118,108,100,187,171,158,0.63192174
"Census Tract 8105, A?asco ",72011810500,216,218,200,18,18,17,11.94247422
"Census Tract 8106, A?asco ",72011810600,255,222,250,18,15,17,14.44336983
"Census Tract 8107, A?asco ",72011810700,276,241,200,29,25,21,9.54971217
"Census Tract 3001.01, Arecibo ",72013300101,313,281,300,17,15,16,18.33033692
"Census Tract 3001.02, Arecibo ",72013300102,330,299,300,30,27,27,11.16971342
"Census Tract 3002, Arecibo ",72013300200,239,222,200,13,12,11,18.17619054
"Census Tract 3003.01, Arecibo ",72013300301,211,180,150,37,32,26,5.66415315
"Census Tract 3003.02, Arecibo ",72013300302,202,182,150,11,10,8,18.96759587
"Census Tract 3004, Arecibo ",72013300400,165,148,150,74,67,68,2.21755208
"Census Tract 3005, Arecibo ",72013300500,142,123,90,250,217,159,0.56771642
"Census Tract 3007, Arecibo ",72013300700,166,151,150,165,150,149,1.00592224
"Census Tract 3008, Arecibo ",72013300800,222,185,200,130,108,117,1.70775366
"Census Tract 3010, Arecibo ",72013301000,230,215,200,60,56,52,3.83307485
"Census Tract 3011, Arecibo ",72013301100,294,281,250,42,40,35,7.05601672
"Census Tract 3012, Arecibo ",72013301200,249,241,250,127,123,127,1.96504108
"Census Tract 3013, Arecibo ",72013301300,239,225,200,215,203,180,1.10962751
"Census Tract 3014, Arecibo ",72013301400,147,134,150,167,152,170,0.88027472
"Census Tract 3015, Arecibo ",72013301500,228,216,200,40,38,35,5.65087493
"Census Tract 3016, Arecibo ",72013301600,277,244,200,11,9,8,25.92695094
"Census Tract 55, San Juan ",72127005500,223,188,200,198,167,178,1.12661584
"Census Tract 56.01, San Juan ",72127005601,255,209,200,388,318,305,0.65677827
"Census Tract 56.02, San Juan ",72127005602,301,272,250,488,441,406,0.61634014
"Census Tract 58, San Juan ",72127005800,214,199,200,130,121,121,1.64994982
"Census Tract 59, San Juan ",72127005900,187,156,150,827,690,664,0.22603589
"Census Tract 60, San Juan ",72127006000,206,182,150,625,552,455,0.32976835
"Census Tract 61.01, San Juan ",72127006101,173,165,150,307,293,266,0.56324205
"Census Tract 61.02, San Juan ",72127006102,186,174,150,361,338,291,0.51498686
"Census Tract 62, San Juan ",72127006200,230,222,200,870,840,757,0.26428917
"Census Tract 63, San Juan ",72127006300,207,199,200,196,188,189,1.05654016
"Census Tract 65, San Juan ",72127006500,219,195,200,313,279,286,0.69991942
"Census Tract 66, San Juan ",72127006600,201,190,200,411,389,409,0.48863890
"Census Tract 67, San Juan ",72127006700,178,178,200,195,195,220,0.91062476
"Census Tract 68, San Juan ",72127006800,190,182,200,208,200,219,0.91187063
"Census Tract 69, San Juan ",72127006900,243,227,250,446,417,459,0.54468349
"Census Tract 70.04, San Juan ",72127007004,140,111,100,36,28,26,3.92007888
"Census Tract 71, San Juan ",72127007100,311,253,250,497,404,400,0.62557099
"Census Tract 73, San Juan ",72127007300,261,242,250,225,209,216,1.15801876
"Census Tract 74, San Juan ",72127007400,223,209,200,685,642,614,0.32548491
"Census Tract 75, San Juan ",72127007500,232,212,200,411,375,354,0.56511190
"Census Tract 76, San Juan ",72127007600,162,177,200,371,406,459,0.43618948
"Census Tract 77, San Juan ",72127007700,196,170,150,394,341,301,0.49786351
"Census Tract 78, San Juan ",72127007800,216,191,200,220,194,203,0.98371932
"Census Tract 79, San Juan ",72127007900,209,193,200,189,175,181,1.10579602
"Census Tract 80.01, San Juan ",72127008001,268,257,250,372,357,347,0.72083586
"Census Tract 80.02, San Juan ",72127008002,326,303,250,658,612,505,0.49528669
"Census Tract 81, San Juan ",72127008100,215,205,200,295,282,275,0.72760168
"Census Tract 82.01, San Juan ",72127008201,142,116,100,621,508,438,0.22856694
"Census Tract 82.02, San Juan ",72127008202,151,143,150,191,181,190,0.78989058
"Census Tract 83, San Juan ",72127008300,160,145,150,377,341,353,0.42475937
"Census Tract 84, San Juan ",72127008400,309,261,250,152,129,123,2.02741518
"Census Tract 85, San Juan ",72127008500,299,268,250,393,352,328,0.76110816
"Census Tract 86.01, San Juan ",72127008601,168,158,150,224,211,200,0.74902696
"Census Tract 86.02, San Juan ",72127008602,304,287,300,252,237,248,1.20847300
"Census Tract 86.03, San Juan ",72127008603,211,183,150,560,486,398,0.37650826
"Census Tract 87, San Juan ",72127008700,169,152,150,646,581,573,0.26179892
"Census Tract 89, San Juan ",72127008900,149,125,150,272,228,274,0.54738259
"Census Tract 90, San Juan ",72127009000,241,232,200,672,647,557,0.35884803
"Census Tract 91.11, San Juan ",72127009111,238,215,200,638,577,537,0.37274922
"Census Tract 91.12, San Juan ",72127009112,255,240,200,460,433,361,0.55477049
"Census Tract 91.21, San Juan ",72127009121,308,273,300,265,235,259,1.16050278
"Census Tract 91.22, San Juan ",72127009122,272,253,250,157,146,144,1.73429237
"Census Tract 91.23, San Juan ",72127009123,316,278,250,543,478,430,0.58182934
"Census Tract 93, San Juan ",72127009300,233,211,200,253,229,217,0.92216186
"Census Tract 94, San Juan ",72127009400,224,197,200,202,178,180,1.10857182
"Census Tract 3017, Arecibo ",72013301700,291,257,300,17,15,17,17.37619201
"Census Tract 3018, Arecibo ",72013301800,135,146,150,5,6,6,25.92430717
"Census Tract 3019, Arecibo ",72013301900,398,355,350,5,4,4,79.78854384
"Census Tract 3020, Arecibo ",72013302000,181,182,200,28,28,30,6.56289455
"Census Tract 3021, Arecibo ",72013302100,203,178,200,13,11,13,15.75011849
"Census Tract 3022.01, Arecibo ",72013302201,291,271,250,46,43,40,6.29483237
"Census Tract 3022.02, Arecibo ",72013302202,303,277,300,21,19,21,14.56678675
"Census Tract 3023, Arecibo ",72013302300,467,407,400,12,11,10,38.76084238
"Census Tract 2801.01, Arroyo ",72015280101,255,247,200,14,14,11,17.63942131
"Census Tract 2801.02, Arroyo ",72015280102,231,202,200,35,31,30,6.61257831
"Census Tract 2802.01, Arroyo ",72015280201,296,278,250,85,80,72,3.47799662
"Census Tract 2802.02, Arroyo ",72015280202,180,156,150,16,14,13,11.33407357
"Census Tract 5901, Barceloneta ",72017590100,233,218,200,11,11,10,20.27332719
"Census Tract 5902, Barceloneta ",72017590200,203,193,200,84,80,83,2.41867152
"Census Tract 5903, Barceloneta ",72017590300,292,248,250,29,25,25,9.92123412
"Census Tract 5904, Barceloneta ",72017590400,212,187,200,13,11,12,16.36219359
"Census Tract 9522.01, Barranquitas ",72019952201,340,312,300,34,31,30,10.01747538
"Census Tract 9522.02, Barranquitas ",72019952202,341,308,300,14,13,13,23.65144718
"Census Tract 9523.01, Barranquitas ",72019952301,231,194,200,19,16,17,12.02289796
"Census Tract 9523.02, Barranquitas ",72019952302,228,206,200,13,11,11,17.98165049
"Census Tract 9524, Barranquitas ",72019952400,129,117,100,65,59,50,1.98322171
"Census Tract 9525, Barranquitas ",72019952500,255,236,250,11,10,11,23.13515865
"Census Tract 301.01, Bayamon ",72021030101,1297,1280,1200,162,160,150,7.99679367
"Census Tract 301.03, Bayamon ",72021030103,208,196,200,352,332,338,0.59110464
"Census Tract 301.04, Bayamon ",72021030104,319,310,300,311,302,292,1.02675307
"Census Tract 301.05, Bayamon ",72021030105,189,186,200,114,112,121,1.65664013
"Census Tract 302, Bayamon ",72021030200,270,246,250,233,212,216,1.15831048
"Census Tract 303, Bayamon ",72021030300,166,145,150,79,69,71,2.09899667
"Census Tract 307, Bayamon ",72021030700,146,122,100,587,490,402,0.24886518
"Census Tract 308, Bayamon ",72021030800,132,119,100,414,373,314,0.31895283
"Census Tract 309.01, Bayamon ",72021030901,258,242,250,417,392,405,0.61797638
"Census Tract 309.02, Bayamon ",72021030902,307,303,300,390,384,381,0.78812188
"Census Tract 309.03, Bayamon ",72021030903,226,220,250,509,495,563,0.44424156
"Census Tract 309.04, Bayamon ",72021030904,294,287,300,572,558,583,0.51421021
"Census Tract 310.04, Bayamon ",72021031004,232,205,200,323,285,278,0.71904551
"Census Tract 310.05, Bayamon ",72021031005,231,214,250,308,285,333,0.75049896
"Census Tract 310.11, Bayamon ",72021031011,309,290,300,274,257,266,1.12724405
"Census Tract 310.13, Bayamon ",72021031013,370,328,300,178,158,145,2.07331367
"Census Tract 310.21, Bayamon ",72021031021,257,252,250,111,109,108,2.31758453
"Census Tract 310.23, Bayamon ",72021031023,236,203,200,257,221,217,0.91994809
"Census Tract 310.31, Bayamon ",72021031031,328,315,300,229,220,210,1.43176880
"Census Tract 96.01, San Juan ",72127009601,187,185,200,161,159,172,1.16423351
"Census Tract 96.02, San Juan ",72127009602,232,196,200,181,153,156,1.28223909
"Census Tract 96.03, San Juan ",72127009603,187,173,200,249,231,267,0.74970010
"Census Tract 96.14, San Juan ",72127009614,232,216,250,310,288,334,0.74915811
"Census Tract 96.24, San Juan ",72127009624,322,293,250,254,231,197,1.26731480
"Census Tract 98, San Juan ",72127009800,233,193,200,80,66,69,2.91784237
"Census Tract 99.01, San Juan ",72127009901,283,256,250,246,222,217,1.15136716
"Census Tract 99.02, San Juan ",72127009902,347,315,300,166,150,143,2.09597795
"Census Tract 99.03, San Juan ",72127009903,315,306,300,135,131,128,2.33989153
"Census Tract 99.04, San Juan ",72127009904,303,275,250,497,451,410,0.60994615
"Census Tract 100.01, San Juan ",72127010001,264,237,250,157,141,149,1.68243080
"Census Tract 100.02, San Juan ",72127010002,234,224,200,104,100,89,2.24810119
"Census Tract 100.12, San Juan ",72127010012,236,220,250,153,143,162,1.54243932
"Census Tract 100.22, San Juan ",72127010022,233,208,200,127,114,109,1.83233631
"Census Tract 100.32, San Juan ",72127010032,216,196,200,180,163,167,1.19982782
"Census Tract 100.42, San Juan ",72127010042,327,289,300,30,27,28,10.85707860
"Census Tract 101, San Juan ",72127010100,370,353,350,43,41,41,8.51019321
"Census Tract 102, San Juan ",72127010200,260,240,250,30,27,28,8.77631319
"Census Tract 105, San Juan ",72127010500,149,141,150,49,46,49,3.06701771
"Census Tract 9800, San Juan ",72127980000,,,,0,0,0,1.26066952
"Census Tract 9801.01, San Juan ",72127980101,0,0,0,0,0,0,0.45175065
"Census Tract 9801.02, San Juan ",72127980102,0,0,0,0,0,0,0.29280840
"Census Tract 9801.03, San Juan ",72127980103,185,153,150,295,244,239,0.62754538
"Census Tract 9801.04, San Juan ",72127980104,0,0,0,0,0,0,3.91114842
"Census Tract 9801.05, San Juan ",72127980105,0,0,0,0,0,0,0.38211907
"Census Tract 9801.07, San Juan ",72127980107,0,0,0,0,0,0,0.11830726
"Census Tract 9801.08, San Juan ",72127980108,0,0,0,0,0,0,0.74713575
"Census Tract 9802, San Juan ",72127980200,9,,,10,0,0,0.88953096
"Census Tract 9803, San Juan ",72127980300,0,0,0,0,0,0,0.40776367
"Census Tract 2201, San Lorenzo ",72129220100,285,245,250,15,13,13,19.28002940
"Census Tract 2202, San Lorenzo ",72129220200,243,217,200,192,171,158,1.26863869
"Census Tract 2203, San Lorenzo ",72129220300,186,170,150,276,252,222,0.67495423
"Census Tract 2204.01, San Lorenzo ",72129220401,317,281,300,20,18,19,15.95147794
"Census Tract 2204.02, San Lorenzo ",72129220402,341,316,300,36,33,32,9.49766415
"Census Tract 2205.01, San Lorenzo ",72129220501,224,199,200,23,20,20,9.95330149
"Census Tract 2205.02, San Lorenzo ",72129220502,279,250,200,29,26,21,9.60859513
"Census Tract 2206, San Lorenzo ",72129220600,177,156,150,10,9,9,17.18587220
"Census Tract 2207, San Lorenzo ",72129220700,195,177,150,4,3,3,54.38386417
"Census Tract 92, San Sebastian ",72131009200,129,130,150,100,100,116,1.29606592
"Census Tract 9585, San Sebastian ",72131958500,280,284,250,9,9,8,32.26793052
"Census Tract 9587, San Sebastian ",72131958700,197,196,200,9,9,9,22.39278422
"Census Tract 9588, San Sebastian ",72131958800,260,259,250,7,7,7,36.24111297
"Census Tract 9589, San Sebastian ",72131958900,195,170,150,105,92,81,1.85537124
"Census Tract 310.32, Bayamon ",72021031032,282,281,250,154,153,136,1.83624925
"Census Tract 310.33, Bayamon ",72021031033,307,305,300,202,201,198,1.51611212
"Census Tract 311.01, Bayamon ",72021031101,196,169,150,192,165,147,1.02335868
"Census Tract 311.13, Bayamon ",72021031113,318,282,250,353,313,277,0.90145991
"Census Tract 311.14, Bayamon ",72021031114,219,202,200,354,326,323,0.61874411
"Census Tract 311.21, Bayamon ",72021031121,243,215,200,224,199,185,1.08263621
"Census Tract 311.22, Bayamon ",72021031122,238,226,250,322,305,338,0.73994858
"Census Tract 311.23, Bayamon ",72021031123,218,190,200,241,210,221,0.90398316
"Census Tract 311.24, Bayamon ",72021031124,203,200,200,317,313,313,0.63956400
"Census Tract 311.25, Bayamon ",72021031125,200,187,150,213,200,160,0.93726183
"Census Tract 312.01, Bayamon ",72021031201,220,197,150,577,516,393,0.38148610
"Census Tract 312.02, Bayamon ",72021031202,271,239,200,656,578,484,0.41342227
"Census Tract 312.03, Bayamon ",72021031203,242,224,250,625,578,646,0.38727118
"Census Tract 313.01, Bayamon ",72021031301,229,207,200,84,76,74,2.71476543
"Census Tract 313.04, Bayamon ",72021031304,243,206,200,95,80,78,2.57081471
"Census Tract 313.05, Bayamon ",72021031305,338,297,300,369,324,327,0.91694197
"Census Tract 313.06, Bayamon ",72021031306,252,223,200,133,117,105,1.90102618
"Census Tract 313.07, Bayamon ",72021031307,290,264,250,398,363,343,0.72781921
"Census Tract 314.01, Bayamon ",72021031401,221,215,200,343,334,311,0.64390694
"Census Tract 314.02, Bayamon ",72021031402,198,178,200,289,260,292,0.68465510
"Census Tract 314.03, Bayamon ",72021031403,195,182,200,253,236,259,0.77127289
"Census Tract 315.01, Bayamon ",72021031501,192,166,150,256,221,200,0.74980538
"Census Tract 315.02, Bayamon ",72021031502,247,235,250,449,427,454,0.55032788
"Census Tract 315.03, Bayamon ",72021031503,279,280,300,489,490,525,0.57097125
"Census Tract 316.11, Bayamon ",72021031611,180,167,150,252,234,210,0.71427529
"Census Tract 316.12, Bayamon ",72021031612,379,324,300,382,327,302,0.99222364
"Census Tract 316.21, Bayamon ",72021031621,149,140,150,270,254,272,0.55213628
"Census Tract 316.22, Bayamon ",72021031622,239,203,200,373,317,312,0.64065099
"Census Tract 316.31, Bayamon ",72021031631,324,316,300,468,457,434,0.69200308
"Census Tract 316.32, Bayamon ",72021031632,307,290,300,736,695,719,0.41737454
"Census Tract 316.41, Bayamon ",72021031641,271,250,250,620,572,572,0.43739179
"Census Tract 316.51, Bayamon ",72021031651,217,201,200,347,321,320,0.62526761
"Census Tract 317.01, Bayamon ",72021031701,292,252,250,96,83,83,3.02609297
"Census Tract 317.02, Bayamon ",72021031702,329,278,250,242,204,184,1.36020289
"Census Tract 317.03, Bayamon ",72021031703,252,243,250,89,86,89,2.81637751
"Census Tract 317.04, Bayamon ",72021031704,210,189,200,50,45,48,4.18490153
"Census Tract 318, Bayamon ",72021031800,305,247,250,51,42,42,5.94860443
"Census Tract 319, Bayamon ",72021031900,203,191,200,23,21,22,8.91958051
"Census Tract 320, Bayamon ",72021032000,134,117,100,15,13,11,8.92323467
"Census Tract 321, Bayamon ",72021032100,247,202,200,23,19,19,10.70041136
"Census Tract 322, Bayamon ",72021032200,259,234,200,36,32,28,7.25060635
"Census Tract 323.01, Bayamon ",72021032301,205,179,150,108,94,79,1.89829435
"Census Tract 323.02, Bayamon ",72021032302,217,215,200,52,51,48,4.21005516
"Census Tract 8301.01, Cabo Rojo ",72023830101,327,296,300,21,19,20,15.32556584
"Census Tract 9590, San Sebastian ",72131959000,278,268,250,131,126,118,2.11924961
"Census Tract 9592, San Sebastian ",72131959200,191,183,150,6,6,5,32.52257404
"Census Tract 9593, San Sebastian ",72131959300,265,234,250,8,7,7,34.51461472
"Census Tract 9595, San Sebastian ",72131959500,196,186,150,9,9,7,21.24587464
"Census Tract 9533, Santa Isabel ",72133953300,264,249,250,11,10,10,24.94220709
"Census Tract 9535, Santa Isabel ",72133953500,258,227,200,8,7,6,34.08180242
"Census Tract 9536, Santa Isabel ",72133953600,207,191,150,9,8,6,24.34799872
"Census Tract 9537, Santa Isabel ",72133953700,254,233,250,216,198,213,1.17625295
"Census Tract 9538, Santa Isabel ",72133953800,194,183,200,33,31,34,5.81168219
"Census Tract 5101.01, Toa Alta ",72135510101,323,309,300,115,110,107,2.80647016
"Census Tract 5101.02, Toa Alta ",72135510102,278,256,250,125,115,112,2.23022545
"Census Tract 5102, Toa Alta ",72135510200,335,315,300,38,36,34,8.76955581
"Census Tract 5103, Toa Alta ",72135510300,200,178,200,144,128,144,1.39315904
"Census Tract 5104, Toa Alta ",72135510400,314,287,300,44,41,42,7.06526653
"Census Tract 5105.02, Toa Alta ",72135510502,332,302,250,138,125,104,2.41412507
"Census Tract 5105.03, Toa Alta ",72135510503,345,310,350,147,132,149,2.34583514
"Census Tract 5105.04, Toa Alta ",72135510504,311,300,300,242,234,234,1.28337135
"Census Tract 5105.05, Toa Alta ",72135510505,285,259,250,165,150,145,1.72681272
"Census Tract 5106.01, Toa Alta ",72135510601,291,277,300,33,31,34,8.88968195
"Census Tract 5106.02, Toa Alta ",72135510602,252,226,200,19,17,15,13.56071140
"Census Tract 5107.01, Toa Alta ",72135510701,226,205,200,18,17,16,12.31264941
"Census Tract 5107.02, Toa Alta ",72135510702,303,282,250,46,43,38,6.58016958
"Census Tract 1202, Toa Baja ",72137120200,234,206,200,69,61,59,3.37893769
"Census Tract 1203, Toa Baja ",72137120300,161,148,150,212,195,197,0.75969465
"Census Tract 1204, Toa Baja ",72137120400,166,164,200,123,122,148,1.34760397
"Census Tract 1205, Toa Baja ",72137120500,173,141,150,656,535,569,0.26376122
"Census Tract 1206, Toa Baja ",72137120600,225,209,200,354,329,314,0.63601261
"Census Tract 1207, Toa Baja ",72137120700,128,123,150,523,503,613,0.24468635
"Census Tract 1208, Toa Baja ",72137120800,286,242,200,236,200,165,1.21176726
"Census Tract 1209, Toa Baja ",72137120900,289,256,250,452,400,391,0.64004968
"Census Tract 1210.01, Toa Baja ",72137121001,247,241,250,343,335,347,0.72020294
"Census Tract 1210.02, Toa Baja ",72137121002,255,246,250,331,319,324,0.77051996
"Census Tract 1211, Toa Baja ",72137121100,200,177,200,200,177,200,0.99836991
"Census Tract 1212, Toa Baja ",72137121200,210,192,200,236,216,224,0.89087323
"Census Tract 1213, Toa Baja ",72137121300,177,150,150,164,139,139,1.07723851
"Census Tract 1214, Toa Baja ",72137121400,193,189,200,41,40,43,4.69290205
"Census Tract 1217.01, Toa Baja ",72137121701,265,268,250,39,39,37,6.82599475
"Census Tract 1217.02, Toa Baja ",72137121702,187,171,150,20,18,16,9.49574495
"Census Tract 1218.01, Toa Baja ",72137121801,181,145,150,48,39,40,3.73382939
"Census Tract 1218.02, Toa Baja ",72137121802,201,186,200,38,35,37,5.33587857
"Census Tract 1219, Toa Baja ",72137121900,202,180,200,171,153,170,1.17989151
"Census Tract 1220.01, Toa Baja ",72137122001,317,284,250,161,145,127,1.96367373
"Census Tract 1220.02, Toa Baja ",72137122002,269,229,250,120,102,111,2.24868991
"Census Tract 8301.02, Cabo Rojo ",72023830102,355,309,300,24,21,20,14.66467620
"Census Tract 8302, Cabo Rojo ",72023830200,258,227,200,9,8,7,29.37630957
"Census Tract 8303, Cabo Rojo ",72023830300,171,149,150,35,31,31,4.86836146
"Census Tract 8304, Cabo Rojo ",72023830400,211,188,150,42,38,30,4.97339967
"Census Tract 8305.02, Cabo Rojo ",72023830502,242,238,200,12,11,10,20.98468742
"Census Tract 8305.03, Cabo Rojo ",72023830503,183,171,150,20,19,17,8.93114606
"Census Tract 8305.04, Cabo Rojo ",72023830504,223,216,250,62,60,69,3.61373409
"Census Tract 8306.03, Cabo Rojo ",72023830603,357,318,300,7,6,6,50.82216565
"Census Tract 8306.04, Cabo Rojo ",72023830604,150,138,100,5,5,3,30.24514447
"Census Tract 9800, Cabo Rojo ",72023980000,0,0,0,0,0,0,8.38318333
"Census Tract 9900, Cabo Rojo ",72023990000,0,0,0,0,0,0,0.01383641
"Census Tract 2001, Caguas ",72025200100,317,264,250,26,22,20,12.20427292
"Census Tract 2002, Caguas ",72025200200,244,195,200,33,26,27,7.45588952
"Census Tract 2003.02, Caguas ",72025200302,310,288,300,33,31,32,9.35539464
"Census Tract 2003.03, Caguas ",72025200303,370,336,300,53,48,43,7.00290538
"Census Tract 2003.04, Caguas ",72025200304,247,205,200,29,24,23,8.56851613
"Census Tract 2004, Caguas ",72025200400,249,231,200,141,131,113,1.76271440
"Census Tract 2005, Caguas ",72025200500,244,217,200,136,121,111,1.79500980
"Census Tract 2006, Caguas ",72025200600,280,261,250,131,122,117,2.13247018
"Census Tract 2007, Caguas ",72025200700,293,284,250,290,282,248,1.00885019
"Census Tract 2008, Caguas ",72025200800,228,190,200,139,116,122,1.63730020
"Census Tract 2009, Caguas ",72025200900,198,182,200,872,802,881,0.22700964
"Census Tract 2010, Caguas ",72025201000,158,154,150,134,130,127,1.18302289
"Census Tract 2012, Caguas ",72025201200,206,193,200,352,330,341,0.58569006
"Census Tract 2013, Caguas ",72025201300,208,184,200,274,242,263,0.75972128
"Census Tract 2014, Caguas ",72025201400,294,241,200,712,584,485,0.41276678
"Census Tract 2015, Caguas ",72025201500,214,195,200,364,331,340,0.58861029
"Census Tract 2016, Caguas ",72025201600,179,159,150,341,303,286,0.52439968
"Census Tract 2017, Caguas ",72025201700,260,256,250,454,447,437,0.57217965
"Census Tract 2018, Caguas ",72025201800,229,209,200,176,161,154,1.30045721
"Census Tract 2019, Caguas ",72025201900,180,144,150,564,451,470,0.31935837
"Census Tract 2020, Caguas ",72025202000,271,227,200,246,206,182,1.10014258
"Census Tract 2021, Caguas ",72025202100,211,200,200,235,223,223,0.89666996
"Census Tract 2022, Caguas ",72025202200,212,184,200,369,321,348,0.57398033
"Census Tract 2023, Caguas ",72025202300,226,214,200,309,292,273,0.73166227
"Census Tract 2024.02, Caguas ",72025202402,331,307,300,99,91,89,3.36009674
"Census Tract 2024.03, Caguas ",72025202403,247,226,200,36,33,29,6.93525106
"Census Tract 2024.04, Caguas ",72025202404,285,263,250,41,38,36,6.99852340
"Census Tract 2025, Caguas ",72025202500,253,224,200,23,20,18,11.09875557
"Census Tract 2026.01, Caguas ",72025202601,237,220,200,96,90,81,2.45775018
"Census Tract 2026.02, Caguas ",72025202602,324,307,300,32,30,30,10.16503452
"Census Tract 2027.01, Caguas ",72025202701,311,279,300,27,24,26,11.59850812
"Census Tract 2027.02, Caguas ",72025202702,346,288,250,16,13,11,21.77995158
"Census Tract 2028, Caguas ",72025202800,250,223,200,16,14,13,15.89129999
"Census Tract 1221, Toa Baja ",72137122100,261,233,200,87,78,67,2.99565500
"Census Tract 1222.01, Toa Baja ",72137122201,211,188,150,218,194,155,0.96986445
"Census Tract 1222.02, Toa Baja ",72137122202,193,168,150,219,190,170,0.88229559
"Census Tract 1224, Toa Baja ",72137122400,195,168,150,22,19,17,9.01673624
"Census Tract 9900, Toa Baja ",72137990000,0,0,0,0,0,0,1.24849846
"Census Tract 601.02, Trujillo Alto ",72139060102,254,241,250,192,182,189,1.32583702
"Census Tract 601.03, Trujillo Alto ",72139060103,202,191,200,184,174,182,1.09621508
"Census Tract 601.04, Trujillo Alto ",72139060104,199,198,200,58,58,59,3.41242672
"Census Tract 602.11, Trujillo Alto ",72139060211,247,234,200,113,107,91,2.19068902
"Census Tract 602.12, Trujillo Alto ",72139060212,320,295,300,337,311,316,0.94841003
"Census Tract 602.13, Trujillo Alto ",72139060213,216,217,200,247,248,229,0.87360278
"Census Tract 602.22, Trujillo Alto ",72139060222,375,348,350,469,435,438,0.79909147
"Census Tract 602.23, Trujillo Alto ",72139060223,268,262,250,156,153,146,1.71398071
"Census Tract 603.01, Trujillo Alto ",72139060301,443,387,350,128,112,101,3.44861462
"Census Tract 603.02, Trujillo Alto ",72139060302,285,223,200,30,23,21,9.50168206
"Census Tract 604.01, Trujillo Alto ",72139060401,280,248,250,42,38,38,6.59472498
"Census Tract 604.03, Trujillo Alto ",72139060403,297,283,250,62,59,52,4.81893165
"Census Tract 604.04, Trujillo Alto ",72139060404,315,303,300,133,128,127,2.36082625
"Census Tract 605.01, Trujillo Alto ",72139060501,331,342,350,47,48,49,7.07937313
"Census Tract 605.02, Trujillo Alto ",72139060502,247,239,250,27,26,27,9.21432754
"Census Tract 9569, Utuado ",72141956900,292,244,200,4,3,3,74.65649007
"Census Tract 9570, Utuado ",72141957000,301,265,250,6,6,5,47.06582328
"Census Tract 9571, Utuado ",72141957100,317,281,250,4,4,3,76.38942638
"Census Tract 9572, Utuado ",72141957200,299,270,250,7,6,6,44.35249522
"Census Tract 9573, Utuado ",72141957300,234,212,200,89,80,76,2.63447029
"Census Tract 9574, Utuado ",72141957400,256,223,200,101,88,79,2.53744779
"Census Tract 9575, Utuado ",72141957500,157,141,150,60,54,58,2.60475760
"Census Tract 9576, Utuado ",72141957600,210,195,200,4,4,4,47.78668116
"Census Tract 5501, Vega Alta ",72143550100,351,301,300,25,22,22,13.94108549
"Census Tract 5502, Vega Alta ",72143550200,186,146,150,16,13,13,11.64606539
"Census Tract 5503, Vega Alta ",72143550300,340,328,300,13,13,12,25.38573945
"Census Tract 5504, Vega Alta ",72143550400,252,242,250,125,120,124,2.01575930
"Census Tract 5505, Vega Alta ",72143550500,527,495,450,164,154,140,3.20567535
"Census Tract 5506.01, Vega Alta ",72143550601,305,265,250,26,23,22,11.53618053
"Census Tract 5506.02, Vega Alta ",72143550602,287,275,250,67,64,59,4.26617633
"Census Tract 5601, Vega Baja ",72145560100,198,201,200,17,18,17,11.48090490
"Census Tract 5602.01, Vega Baja ",72145560201,168,179,200,72,77,86,2.31825701
"Census Tract 5602.04, Vega Baja ",72145560204,204,189,200,15,14,14,13.85006560
"Census Tract 5603, Vega Baja ",72145560300,246,215,200,19,16,15,13.28632488
"Census Tract 5604.01, Vega Baja ",72145560401,161,134,150,47,40,44,3.39016224
"Census Tract 5604.02, Vega Baja ",72145560402,311,303,300,86,84,83,3.62456355
"Census Tract 5605, Vega Baja ",72145560500,150,156,150,223,232,223,0.67175957
"Census Tract 3201, Camuy ",72027320100,209,203,200,108,105,103,1.94257107
"Census Tract 3202, Camuy ",72027320200,268,236,250,24,21,23,10.98594966
"Census Tract 3203, Camuy ",72027320300,309,286,250,14,13,11,22.23382072
"Census Tract 3204.01, Camuy ",72027320401,285,277,250,69,67,61,4.11756952
"Census Tract 3204.02, Camuy ",72027320402,289,257,200,28,25,20,10.20168523
"Census Tract 3205, Camuy ",72027320500,293,242,250,6,5,6,45.15966353
"Census Tract 3206, Camuy ",72027320600,330,289,300,13,11,12,25.80030543
"Census Tract 1001.01, Canovanas ",72029100101,207,199,200,43,42,42,4.76450575
"Census Tract 1001.03, Canovanas ",72029100103,180,167,150,259,240,216,0.69554879
"Census Tract 1001.04, Canovanas ",72029100104,328,301,250,60,55,45,5.50643414
"Census Tract 1002, Canovanas ",72029100200,235,215,200,72,65,61,3.28499399
"Census Tract 1004, Canovanas ",72029100400,254,229,250,66,60,65,3.84454213
"Census Tract 1005.02, Canovanas ",72029100502,227,215,250,311,295,343,0.72955525
"Census Tract 1005.03, Canovanas ",72029100503,376,368,350,96,94,89,3.92051901
"Census Tract 1005.04, Canovanas ",72029100504,247,209,200,22,18,17,11.43141437
"Census Tract 1006.01, Canovanas ",72029100601,164,132,150,12,9,11,13.92619359
"Census Tract 1006.02, Canovanas ",72029100602,219,178,150,36,30,25,6.00419299
"Census Tract 1007, Canovanas ",72029100700,256,232,250,13,12,13,19.28150829
"Census Tract 1008, Canovanas ",72029100800,142,128,150,12,11,12,12.10304208
"Census Tract 501.03, Carolina ",72031050103,199,182,200,45,41,45,4.39825409
"Census Tract 501.05, Carolina ",72031050105,207,172,150,223,185,162,0.92836667
"Census Tract 501.06, Carolina ",72031050106,88,79,80,325,292,295,0.27091516
"Census Tract 501.07, Carolina ",72031050107,156,145,150,568,528,546,0.27472596
"Census Tract 501.10, Carolina ",72031050110,245,249,250,345,351,352,0.70963832
"Census Tract 501.11, Carolina ",72031050111,154,132,150,249,213,242,0.61876033
"Census Tract 502.11, Carolina ",72031050211,281,240,200,183,156,130,1.53748775
"Census Tract 502.12, Carolina ",72031050212,239,198,200,193,160,162,1.23523295
"Census Tract 502.21, Carolina ",72031050221,216,194,200,57,51,53,3.78887799
"Census Tract 502.22, Carolina ",72031050222,329,301,250,246,225,187,1.33560738
"Census Tract 502.31, Carolina ",72031050231,254,235,200,340,314,267,0.74785528
"Census Tract 502.32, Carolina ",72031050232,257,241,250,176,165,171,1.45941015
"Census Tract 502.41, Carolina ",72031050241,426,372,350,424,370,348,1.00507751
"Census Tract 502.42, Carolina ",72031050242,311,291,300,320,300,309,0.97050392
"Census Tract 503.02, Carolina ",72031050302,258,246,250,264,252,256,0.97577978
"Census Tract 503.11, Carolina ",72031050311,191,157,150,236,194,185,0.81083955
"Census Tract 503.21, Carolina ",72031050321,327,298,300,384,350,353,0.85078512
"Census Tract 503.31, Carolina ",72031050331,256,233,200,621,565,485,0.41245037
"Census Tract 503.41, Carolina ",72031050341,331,287,300,402,349,365,0.82251252
"Census Tract 504.01, Carolina ",72031050401,151,152,150,248,250,246,0.60888378
"Census Tract 504.02, Carolina ",72031050402,306,287,250,76,71,62,4.05012937
"Census Tract 505.01, Carolina ",72031050501,285,279,250,78,76,68,3.66272303
"Census Tract 505.03, Carolina ",72031050503,315,272,250,323,279,257,0.97465348
"Census Tract 505.04, Carolina ",72031050504,320,280,300,106,93,99,3.02109378
"Census Tract 506, Carolina ",72031050600,246,226,200,153,141,125,1.60282084
"Census Tract 507, Carolina ",72031050700,153,135,150,517,456,507,0.29583635
"Census Tract 508.03, Carolina ",72031050803,297,270,250,437,398,368,0.67906555
"Census Tract 508.11, Carolina ",72031050811,309,293,300,23,21,22,13.68199970
"Census Tract 508.12, Carolina ",72031050812,317,305,300,367,353,347,0.86386923
"Census Tract 508.21, Carolina ",72031050821,348,328,350,283,267,285,1.22813491
"Census Tract 508.22, Carolina ",72031050822,291,284,300,365,357,377,0.79636385
"Census Tract 508.31, Carolina ",72031050831,356,318,300,325,290,274,1.09625223
"Census Tract 508.41, Carolina ",72031050841,174,146,100,39,33,22,4.46895930
"Census Tract 509.01, Carolina ",72031050901,414,389,400,34,31,32,12.35727536
"Census Tract 509.02, Carolina ",72031050902,236,208,200,62,55,53,3.79484593
"Census Tract 510.01, Carolina ",72031051001,297,263,250,21,19,18,14.04496565
"Census Tract 510.02, Carolina ",72031051002,256,241,200,25,24,20,10.09110812
"Census Tract 511.02, Carolina ",72031051102,261,227,250,24,21,23,10.66379833
"Census Tract 511.03, Carolina ",72031051103,341,309,300,108,98,95,3.16378863
"Census Tract 511.04, Carolina ",72031051104,300,275,300,109,100,109,2.74093624
"Census Tract 9800.03, Carolina ",72031980003,0,0,0,0,0,0,6.83302498
"Census Tract 9900, Carolina ",72031990000,0,0,0,0,0,0,0.06734284
"Census Tract 202, Cata?o ",72033020200,271,272,250,275,276,253,0.98720151
"Census Tract 203.02, Cata?o ",72033020302,227,209,200,593,546,522,0.38281662
"Census Tract 204.03, Cata?o ",72033020403,329,298,300,237,215,216,1.38790716
"Census Tract 204.22, Cata?o ",72033020422,278,263,250,542,512,487,0.51332280
"Census Tract 204.23, Cata?o ",72033020423,343,314,300,228,209,200,1.50163083
"Census Tract 204.25, Cata?o ",72033020425,268,250,250,779,727,727,0.34394573
"Census Tract 204.26, Cata?o ",72033020426,202,189,150,668,625,496,0.30244366
"Census Tract 204.27, Cata?o ",72033020427,111,88,90,253,200,205,0.43895452
"Census Tract 205, Cata?o ",72033020500,266,249,250,242,227,228,1.09821940
"Census Tract 9800.01, Cata?o ",72033980001,0,0,0,0,0,0,0.56077119
"Census Tract 9800.02, Cata?o ",72033980002,0,0,0,0,0,0,1.48908311
"Census Tract 9800.03, Cata?o ",72033980003,16,18,20,14,15,17,1.16537525
"Census Tract 9800.04, Cata?o ",72033980004,0,0,0,0,0,0,0.26291872
"Census Tract 9800.05, Cata?o ",72033980005,0,0,,0,0,0,1.50221039
"Census Tract 9800.06, Cata?o ",72033980006,0,0,0,0,0,0,0.72040311
"Census Tract 9800.07, Cata?o ",72033980007,0,0,0,0,0,0,0.88163971
"Census Tract 9800.08, Cata?o ",72033980008,0,0,0,0,0,0,0.61794110
"Census Tract 9902.01, Cata?o ",72033990201,0,0,0,0,0,0,4.09174555
"Census Tract 2601, Cayey ",72035260100,317,291,300,9,8,9,34.35638176
"Census Tract 2602.01, Cayey ",72035260201,236,216,200,82,75,70,2.87634877
"Census Tract 2602.02, Cayey ",72035260202,256,219,200,51,44,40,5.02065181
"Census Tract 2603, Cayey ",72035260300,246,212,200,54,46,44,4.57446020
"Census Tract 2604, Cayey ",72035260400,274,240,250,11,9,10,25.42074217
"Census Tract 2605, Cayey ",72035260500,308,285,250,150,139,122,2.05137650
"Census Tract 2606, Cayey ",72035260600,198,173,150,228,199,173,0.86954103
"Census Tract 2607, Cayey ",72035260700,174,156,150,340,305,293,0.51188467
"Census Tract 2608, Cayey ",72035260800,200,190,200,155,147,155,1.29068523
"Census Tract 2609.01, Cayey ",72035260901,274,254,250,21,19,19,13.05021864
"Census Tract 2609.02, Cayey ",72035260902,275,254,300,6,6,7,44.55613846
"Census Tract 1601, Ceiba ",72037160100,4,,,0,0,0,36.69242024
"Census Tract 1602.01, Ceiba ",72037160201,303,281,250,72,66,59,4.23638404
"Census Tract 1602.02, Ceiba ",72037160202,229,208,200,8,7,7,29.04204975
"Census Tract 1603, Ceiba ",72037160300,284,251,250,27,23,23,10.70198605
"Census Tract 9900, Ceiba ",72037990000,0,0,0,0,0,0,0.01634459
"Census Tract 9556, Ciales ",72039955600,314,302,300,5,5,5,58.63332733
"Census Tract 9557, Ciales ",72039955700,164,147,150,38,34,35,4.26808564
"Census Tract 9558, Ciales ",72039955800,299,298,300,9,9,9,33.56755034
"Census Tract 9559, Ciales ",72039955900,300,254,250,4,3,3,76.30084051
"Census Tract 2401.01, Cidra ",72041240101,332,297,300,37,33,34,8.87821920
"Census Tract 2401.02, Cidra ",72041240102,259,247,200,75,71,58,3.46952584
"Census Tract 2402.01, Cidra ",72041240201,266,230,200,20,17,15,13.54780187
"Census Tract 2402.02, Cidra ",72041240202,235,220,200,14,13,12,16.48742983
"Census Tract 2403, Cidra ",72041240300,226,196,200,46,40,41,4.92591533
"Census Tract 2404.01, Cidra ",72041240401,283,240,250,38,32,34,7.43384217
"Census Tract 2404.02, Cidra ",72041240402,211,158,150,19,14,13,11.23580476
"Census Tract 2405, Cidra ",72041240500,304,270,250,114,101,93,2.67762175
"Census Tract 2406.01, Cidra ",72041240601,323,280,250,18,15,14,18.24626176
"Census Tract 2406.02, Cidra ",72041240602,277,236,200,37,31,27,7.51591070
"Census Tract 9539, Coamo ",72043953900,200,191,200,5,5,5,41.92075590
"Census Tract 9540, Coamo ",72043954000,239,230,250,4,4,4,55.56661318
"Census Tract 9541, Coamo ",72043954100,238,223,200,280,262,235,0.85056161
"Census Tract 9542, Coamo ",72043954200,220,207,200,60,57,55,3.65389807
"Census Tract 9543, Coamo ",72043954300,208,210,200,298,301,287,0.69702859
"Census Tract 9544, Coamo ",72043954400,255,232,250,400,364,392,0.63722789
"Census Tract 9545, Coamo ",72043954500,289,264,250,6,5,5,51.91493451
"Census Tract 9546, Coamo ",72043954600,309,271,250,13,12,11,22.89029583
"Census Tract 9547, Coamo ",72043954700,264,252,250,11,11,10,23.95912689
"Census Tract 9517, Comerio ",72045951700,256,207,150,12,9,7,21.91399613
"Census Tract 9518, Comerio ",72045951800,334,278,250,15,13,11,21.77256917
"Census Tract 9519, Comerio ",72045951900,181,158,150,73,63,60,2.49550226
"Census Tract 9520, Comerio ",72045952000,211,193,200,182,167,173,1.15886715
"Census Tract 9521, Comerio ",72045952100,276,250,250,10,9,9,26.53600141
"Census Tract 5301, Corozal ",72047530100,217,178,200,19,16,18,11.35005479
"Census Tract 5302, Corozal ",72047530200,371,373,350,35,35,33,10.63621812
"Census Tract 5303, Corozal ",72047530300,232,213,200,116,106,100,2.00499609
"Census Tract 5304, Corozal ",72047530400,258,243,250,16,15,16,15.74911499
"Census Tract 5305, Corozal ",72047530500,306,272,250,10,9,9,29.15598726
"Census Tract 5306, Corozal ",72047530600,266,236,250,6,6,6,41.36842049
"Census Tract 9505, Culebra ",72049950500,225,225,200,6,6,5,38.43798020
"Census Tract 9905.01, Culebra ",72049990501,0,0,0,0,0,0,0.00116203
"Census Tract 5401, Dorado ",72051540100,188,168,150,22,20,18,8.54582153
"Census Tract 5402, Dorado ",72051540200,292,255,250,46,40,39,6.35950926
"Census Tract 5403, Dorado ",72051540300,234,240,250,241,247,258,0.97016799
"Census Tract 5404, Dorado ",72051540400,353,298,250,24,20,17,14.94047623
"Census Tract 5405, Dorado ",72051540500,302,276,300,38,35,38,7.93990304
"Census Tract 5406, Dorado ",72051540600,331,284,250,32,28,24,10.28208083
"Census Tract 5407, Dorado ",72051540700,233,207,200,19,17,17,11.99919952
"Census Tract 1501.02, Fajardo ",72053150102,282,251,250,458,407,406,0.61621246
"Census Tract 1501.04, Fajardo ",72053150104,298,271,250,19,17,16,16.00417145
"Census Tract 1502, Fajardo ",72053150200,212,212,200,25,25,23,8.55544642
"Census Tract 1503.01, Fajardo ",72053150301,299,251,250,174,146,146,1.71696512
"Census Tract 1503.02, Fajardo ",72053150302,259,235,250,187,170,181,1.38440051
"Census Tract 1504, Fajardo ",72053150400,285,249,250,106,93,93,2.67622873
"Census Tract 1505, Fajardo ",72053150500,372,327,300,89,78,71,4.19888751
"Census Tract 1506.01, Fajardo ",72053150601,184,154,150,22,18,18,8.37345041
"Census Tract 1506.02, Fajardo ",72053150602,212,183,200,6,5,5,37.34089110
"Census Tract 5801, Florida ",72054580100,238,225,200,9,9,8,25.70278629
"Census Tract 5802, Florida ",72054580200,251,233,250,18,17,18,13.72272432
"Census Tract 9609, Guanica ",72055960900,271,224,200,21,17,15,13.18211971
"Census Tract 9610, Guanica ",72055961000,161,139,150,5,5,5,30.07322685
"Census Tract 9611, Guanica ",72055961100,189,197,200,7,8,8,25.54122029
"Census Tract 9612, Guanica ",72055961200,187,164,150,450,395,361,0.41519348
"Census Tract 9613, Guanica ",72055961300,231,217,200,106,100,92,2.17725652
"Census Tract 9614, Guanica ",72055961400,137,116,100,69,58,50,1.98912142
"Census Tract 9615, Guanica ",72055961500,169,155,150,6,6,6,26.43486015
"Census Tract 2701, Guayama ",72057270100,255,226,200,4,3,3,64.99747665
"Census Tract 2702.01, Guayama ",72057270201,195,188,200,6,6,6,33.70908926
"Census Tract 2702.02, Guayama ",72057270202,738,688,700,14,13,14,51.78099576
"Census Tract 2703, Guayama ",72057270300,196,190,150,12,12,9,16.08904268
"Census Tract 2704, Guayama ",72057270400,191,163,150,299,255,235,0.63899623
"Census Tract 2705, Guayama ",72057270500,181,154,200,58,50,64,3.10778580
"Census Tract 2706, Guayama ",72057270600,210,195,200,145,134,138,1.45228661
"Census Tract 2707, Guayama ",72057270700,202,193,200,31,30,31,6.49938599
"Census Tract 2708, Guayama ",72057270800,282,257,250,123,112,109,2.29690283
"Census Tract 7401.01, Guayanilla ",72059740101,325,290,300,10,9,9,31.66986737
"Census Tract 7401.02, Guayanilla ",72059740102,208,183,200,15,13,14,14.11763236
"Census Tract 7402, Guayanilla ",72059740200,361,325,350,16,15,16,22.13276389
"Census Tract 7403, Guayanilla ",72059740300,271,254,250,156,147,144,1.73372065
"Census Tract 7404, Guayanilla ",72059740400,343,288,300,8,7,7,43.85229199
"Census Tract 401.01, Guaynabo ",72061040101,118,90,90,105,80,80,1.12299398
"Census Tract 401.02, Guaynabo ",72061040102,211,181,150,654,561,465,0.32245146
"Census Tract 401.03, Guaynabo ",72061040103,245,225,200,735,675,600,0.33352719
"Census Tract 402, Guaynabo ",72061040200,292,247,250,45,38,38,6.52408989
"Census Tract 403.01, Guaynabo ",72061040301,213,193,200,408,369,383,0.52260860
"Census Tract 403.02, Guaynabo ",72061040302,163,155,150,148,141,136,1.09984407
"Census Tract 403.03, Guaynabo ",72061040303,150,140,150,297,277,297,0.50496036
"Census Tract 403.04, Guaynabo ",72061040304,239,219,200,127,116,106,1.88178908
"Census Tract 404.03, Guaynabo ",72061040403,246,226,200,99,91,80,2.49397813
"Census Tract 404.11, Guaynabo ",72061040411,369,313,300,212,179,172,1.74412014
"Census Tract 404.12, Guaynabo ",72061040412,226,216,200,431,412,381,0.52462938
"Census Tract 404.21, Guaynabo ",72061040421,416,379,350,123,112,103,3.39389414
"Census Tract 404.22, Guaynabo ",72061040422,198,187,200,268,253,271,0.73890586
"Census Tract 404.32, Guaynabo ",72061040432,195,188,200,279,269,286,0.69819463
"Census Tract 404.42, Guaynabo ",72061040442,236,199,200,212,179,180,1.11060815
"Census Tract 405, Guaynabo ",72061040500,266,221,200,175,145,131,1.52152719
"Census Tract 406.01, Guaynabo ",72061040601,316,277,250,99,87,79,3.17806279
"Census Tract 406.02, Guaynabo ",72061040602,392,317,250,160,129,102,2.45183287
"Census Tract 407, Guaynabo ",72061040700,315,261,200,31,26,20,10.21252048
"Census Tract 408, Guaynabo ",72061040800,212,177,150,47,39,33,4.53974008
"Census Tract 409, Guaynabo ",72061040900,271,244,250,21,19,19,13.12323825
"Census Tract 410, Guaynabo ",72061041000,133,103,90,27,21,19,4.84575614
"Census Tract 411, Guaynabo ",72061041100,209,186,200,23,21,22,9.02365916
"Census Tract 2101, Gurabo ",72063210100,268,233,250,12,11,11,22.06516823
"Census Tract 2102.01, Gurabo ",72063210201,210,189,200,22,20,21,9.48822245
"Census Tract 2102.02, Gurabo ",72063210202,344,291,300,30,26,26,11.37161472
"Census Tract 2103, Gurabo ",72063210300,206,181,150,358,314,261,0.57575779
"Census Tract 2104, Gurabo ",72063210400,263,256,250,179,174,170,1.46976597
"Census Tract 2105.02, Gurabo ",72063210502,320,297,300,27,25,25,11.86941822
"Census Tract 2105.03, Gurabo ",72063210503,278,270,250,128,125,115,2.16765586
"Census Tract 2105.04, Gurabo ",72063210504,281,252,250,20,18,17,14.32205250
"Census Tract 3101, Hatillo ",72065310100,325,277,250,29,24,22,11.38388940
"Census Tract 3102, Hatillo ",72065310200,303,310,300,76,78,75,3.99579022
"Census Tract 3103, Hatillo ",72065310300,246,237,200,26,25,21,9.47861601
"Census Tract 3104, Hatillo ",72065310400,315,294,300,14,13,13,22.65070782
"Census Tract 3105, Hatillo ",72065310500,287,242,250,14,11,12,21.21753872
"Census Tract 3106, Hatillo ",72065310600,240,235,250,6,6,6,39.74298901
"Census Tract 8201, Hormigueros ",72067820100,300,295,300,26,25,26,11.73896163
"Census Tract 8203, Hormigueros ",72067820300,355,348,350,24,23,23,15.04211264
"Census Tract 8204, Hormigueros ",72067820400,233,228,200,127,124,109,1.84093596
"Census Tract 8205, Hormigueros ",72067820500,337,311,300,441,407,393,0.76334809
"Census Tract 1801, Humacao ",72069180100,330,307,300,48,45,44,6.81276301
"Census Tract 1802.01, Humacao ",72069180201,173,143,150,7,6,6,24.14609082
"Census Tract 1802.02, Humacao ",72069180202,271,241,250,23,20,21,11.94920712
